protocel_key,table,func_id,struct,nparams
43,A,2,,1
43,A,3,,3
43,A,4,,4
43,A,5,,3
43,A,6,,2
43,A,7,,1
43,B,1,,8
43,B,2,,1
43,B,3,,1
43,B,4,,2
43,B,5,,1
43,B,6,,2
43,B,7,,1
41,A,2,,1
41,A,3,,1
41,A,5,,2
41,A,6,,1
41,B,1,,8
41,B,2,,1
41,B,3,,4
41,B,5,,2
41,B,6,,1
47,A,1,,0
47,A,2,,5
47,A,3,,1
47,B,1,,8
47,B,2,,3
47,B,3,,2
47,B,4,,2
47,B,5,,2
37,A,1,,0
37,A,2,,3
37,A,3,,2
37,A,4,,3
37,A,31,,0
37,A,32,,3
37,A,33,,3
37,A,41,,0
37,A,42,,0
37,A,43,,0
37,A,44,,0
37,A,45,,0
37,A,46,,0
37,A,47,,0
37,A,51,,0
37,A,53,,2
37,A,54,,1
37,A,63,,2
37,A,65,,2
37,A,67,,0
37,A,68,,1
37,A,70,,1
37,A,72,,3
37,A,73,,2
37,A,74,,1
37,A,75,,0
37,A,76,,1
37,A,77,,3
37,A,78,,1
37,A,79,,1
37,A,80,,0
37,A,81,,1
37,A,82,,1
37,A,84,,0
37,A,85,,2
37,A,90,,2
37,A,91,,1
37,A,92,,2
37,A,93,,5
37,A,94,,1
37,A,97,,1
37,A,98,,2
37,A,99,,0
37,A,105,,1
37,A,106,,3
37,A,107,,1
37,A,108,,2
37,A,109,,1
37,A,110,,2
37,A,111,,0
37,A,112,,2
37,A,121,,0
37,B,1,,6
37,B,2,,3
37,B,3,,2
37,B,4,,3
37,B,31,,3
37,B,32,,3
37,B,33,,2
37,B,41,,7
37,B,42,,1
37,B,43,,1
37,B,44,,1
37,B,45,,1
37,B,46,,1
37,B,47,,0
37,B,51,,4
37,B,52,,2
37,B,53,,2
37,B,54,,1
37,B,61,,4
37,B,62,,2
37,B,63,,5
37,B,64,,2
37,B,65,,2
37,B,66,,18
37,B,67,,1
37,B,68,,3
37,B,69,,4
37,B,70,,2
37,B,71,,2
37,B,73,,2
37,B,74,,2
37,B,75,,0
37,B,76,,1
37,B,77,,7
37,B,78,,2
37,B,79,,1
37,B,80,,5
37,B,81,,1
37,B,82,,5
37,B,83,,1
37,B,84,,3
37,B,85,,2
37,B,90,,2
37,B,91,,1
37,B,92,,2
37,B,93,,3
37,B,94,,1
37,B,96,,2
37,B,98,,3
37,B,99,,0
37,B,105,,2
37,B,106,,6
37,B,107,,4
37,B,108,,2
37,B,109,,3
37,B,110,,3
37,B,111,,16
37,B,112,,3
45,A,1,,3
45,A,2,,2
45,A,3,,4
45,A,4,,0
45,A,5,,1
45,A,7,,2
45,A,8,,2
45,B,1,,3
45,B,2,,2
45,B,3,,5
45,B,4,,2
45,B,5,,1
45,B,6,,3
45,B,7,,2
45,B,8,,4
35,A,2,,0
35,A,3,,2
35,A,7,,1
35,A,9,,0
35,A,21,,0
35,A,22,,2
35,A,26,,6
35,A,27,,1
35,A,31,,0
35,A,32,,3
35,A,33,,0
35,A,34,,3
35,A,35,,8
35,A,36,,3
35,A,37,,0
35,A,38,,2
35,A,39,,2
35,A,40,,1
35,A,41,,1
35,A,42,,1
35,A,43,,1
35,A,51,,1
35,A,52,,1
35,A,53,,3
35,A,54,,2
35,A,55,,2
35,A,56,,3
35,A,57,,4
35,A,61,,0
35,A,62,,2
35,A,63,,1
35,A,66,,6
35,A,67,,7
35,A,68,,1
35,A,71,,0
35,A,72,,1
35,A,75,,1
35,A,77,,4
35,A,78,,0
35,A,79,,3
35,A,80,,0
35,A,81,,2
35,A,82,,1
35,A,83,,0
35,A,84,,0
35,A,85,,0
35,A,86,,0
35,A,88,,1
35,A,89,,0
35,A,90,,0
35,A,91,,1
35,A,92,,1
35,A,95,,0
35,A,96,,1
35,A,97,,1
35,A,98,,0
35,A,100,,0
35,A,101,,3
35,A,102,,1
35,A,103,,1
35,A,104,,1
35,A,105,,1
35,A,106,,1
35,A,107,,1
35,A,108,,2
35,A,109,,1
35,A,110,,2
35,A,111,,3
35,A,112,,0
35,A,115,,3
35,A,116,,0
35,A,117,,2
35,A,118,,1
35,A,119,,0
35,A,120,,0
35,A,121,,0
35,A,122,,0
35,A,124,,1
35,A,125,,0
35,A,127,,1
35,A,130,,1
35,A,142,,0
35,A,148,,0
35,A,149,,0
35,A,152,,0
35,A,154,,0
35,A,155,,1
35,A,156,,1
35,A,161,,0
35,A,162,,1
35,A,163,,2
35,A,164,,2
35,A,165,,1
35,A,181,,1
35,A,182,,4
35,A,184,,3
35,A,185,,10
35,A,186,,3
35,A,191,,1
35,A,192,,1
35,A,196,,0
35,A,197,,2
35,A,198,,1
35,A,221,,0
35,A,222,,2
35,A,223,,0
35,A,224,,1
35,A,226,,2
35,A,230,,0
35,A,231,,0
35,A,232,,0
35,A,233,,0
35,A,234,,0
35,A,236,,1
35,A,238,,3
35,A,240,,0
35,A,241,,1
35,A,242,,0
35,A,243,,0
35,A,244,,0
35,A,245,,4
35,A,246,,1
35,A,247,,2
35,A,249,,1
35,A,250,,1
35,A,251,,2
35,B,1,,24
35,B,2,,18
35,B,3,,2
35,B,4,,6
35,B,5,,4
35,B,6,,1
35,B,7,,3
35,B,8,,2
35,B,9,,2
35,B,10,,2
35,B,11,,2
35,B,12,,2
35,B,21,,2
35,B,22,,2
35,B,26,,6
35,B,27,,1
35,B,31,,4
35,B,32,,4
35,B,33,,3
35,B,34,,3
35,B,35,,12
35,B,36,,3
35,B,37,,2
35,B,38,,2
35,B,39,,2
35,B,40,,3
35,B,41,,2
35,B,42,,3
35,B,43,,3
35,B,51,,1
35,B,52,,2
35,B,53,,3
35,B,54,,2
35,B,55,,3
35,B,56,,3
35,B,57,,4
35,B,61,,2
35,B,62,,9
35,B,63,,3
35,B,64,,4
35,B,66,,7
35,B,67,,7
35,B,68,,1
35,B,69,,2
35,B,71,,2
35,B,72,,2
35,B,74,,8
35,B,75,,1
35,B,76,,3
35,B,77,,2
35,B,78,,3
35,B,79,,5
35,B,80,,4
35,B,81,,2
35,B,82,,5
35,B,83,,3
35,B,84,,3
35,B,85,,3
35,B,86,,1
35,B,87,,1
35,B,88,,5
35,B,89,,2
35,B,90,,2
35,B,91,,1
35,B,92,,2
35,B,95,,2
35,B,96,,1
35,B,97,,1
35,B,98,,1
35,B,99,,0
35,B,100,,4
35,B,101,,3
35,B,102,,13
35,B,103,,3
35,B,104,,5
35,B,105,,5
35,B,106,,2
35,B,107,,3
35,B,108,,2
35,B,109,,1
35,B,110,,20
35,B,111,,23
35,B,112,,2
35,B,115,,5
35,B,116,,7
35,B,117,,2
35,B,118,,5
35,B,119,,3
35,B,120,,3
35,B,121,,3
35,B,122,,1
35,B,123,,4
35,B,124,,7
35,B,125,,4
35,B,126,,3
35,B,127,,2
35,B,128,,0
35,B,129,,0
35,B,130,,3
35,B,141,,3
35,B,142,,2
35,B,148,,8
35,B,149,,2
35,B,150,,3
35,B,151,,15
35,B,152,,0
35,B,153,,2
35,B,154,,2
35,B,155,,3
35,B,156,,4
35,B,157,,1
35,B,161,,8
35,B,162,,17
35,B,163,,9
35,B,164,,4
35,B,165,,2
35,B,181,,4
35,B,182,,5
35,B,184,,4
35,B,185,,14
35,B,186,,3
35,B,191,,2
35,B,192,,2
35,B,196,,2
35,B,197,,9
35,B,198,,3
35,B,199,,4
35,B,221,,9
35,B,222,,3
35,B,223,,1
35,B,224,,3
35,B,225,,2
35,B,226,,2
35,B,227,,2
35,B,230,,9
35,B,231,,0
35,B,232,,1
35,B,233,,2
35,B,234,,2
35,B,236,,4
35,B,237,,2
35,B,238,,4
35,B,240,,2
35,B,241,,3
35,B,242,,9
35,B,243,,4
35,B,244,,2
35,B,245,,5
35,B,246,,2
35,B,247,,6
35,B,248,,2
35,B,249,,1
35,B,250,,3
35,B,251,,2
39,A,1,,0
39,A,2,,5
39,A,4,,2
39,A,5,,2
39,A,6,,2
39,A,24,,0
39,A,25,,1
39,A,28,,1
39,A,34,,1
39,A,40,,0
39,A,41,,0
39,A,42,,0
39,B,1,,2
39,B,2,,5
39,B,3,,5
39,B,4,,2
39,B,5,,6
39,B,6,,6
39,B,7,,8
39,B,8,,3
39,B,9,,5
39,B,10,,4
39,B,11,,4
39,B,12,,7
39,B,13,,7
39,B,14,,5
39,B,15,,4
39,B,16,,3
39,B,17,,3
39,B,18,,5
39,B,19,,4
39,B,20,,10
39,B,21,,4
39,B,22,,5
39,B,23,,4
39,B,24,,8
39,B,25,,2
39,B,26,,3
39,B,27,,3
39,B,28,,1
39,B,29,,2
39,B,30,,4
39,B,31,,4
39,B,32,,4
39,B,33,,5
39,B,34,,1
39,B,35,,7
39,B,36,,7
39,B,37,,4
39,B,38,,4
39,B,39,,5
39,B,40,,1
39,B,41,,3
39,B,42,,3
39,B,43,,5
39,B,44,,3
39,B,45,,5
39,B,46,,5
29,A,1,,0
29,A,2,,1
29,A,5,,1
29,A,6,,0
29,A,12,,2
29,A,13,,2
29,A,15,,2
29,A,16,,2
29,A,17,,2
29,B,1,,12
29,B,2,,3
29,B,3,,1
29,B,4,,1
29,B,5,,1
29,B,6,,4
29,B,7,,1
29,B,8,,1
29,B,10,,2
29,B,11,,2
29,B,12,,3
29,B,13,,3
29,B,14,,2
29,B,15,,2
29,B,17,,2
253,A,1,,0
253,A,2,,3
253,B,1,,5
253,B,2,,3
1,A,1,,0
1,A,3,,2
1,A,6,,3
1,A,11,,3
1,A,12,,2
1,A,13,,3
1,A,14,,2
1,A,15,,3
1,A,16,,2
1,A,17,,4
1,A,18,,2
1,A,19,,2
1,A,20,,4
1,A,21,,3
1,A,22,,2
1,A,24,,4
1,A,25,,4
1,A,26,,4
1,A,27,,2
1,A,28,,2
1,B,1,,2
1,B,2,,2
1,B,4,,0
1,B,5,,1
1,B,6,,3
1,B,11,,3
1,B,13,,2
1,B,14,,2
1,B,15,,3
1,B,16,,2
1,B,17,,2
1,B,18,,2
1,B,19,,2
1,B,20,,4
1,B,21,,3
1,B,22,,2
1,B,23,,2
1,B,28,,2
1,B,29,,2
0,A,2,,1
0,B,1,,10
0,B,2,,1
0,B,3,,1
3,A,1,,0
3,A,2,,0
3,A,4,,3
3,A,5,,1
3,A,6,,2
3,A,8,,1
3,A,10,,5
3,A,11,,0
3,A,14,,3
3,A,15,,0
3,A,18,,0
3,A,21,,5
3,A,22,,2
3,A,23,,2
3,A,24,,2
3,A,31,,9
3,A,32,,2
3,A,33,,4
3,A,34,,2
3,A,35,,5
3,A,36,,2
3,A,37,,2
3,A,38,,6
3,A,39,,3
3,A,40,,3
3,A,41,,3
3,A,42,,1
3,A,43,,2
3,A,44,,3
3,A,45,,0
3,A,46,,3
3,A,47,,0
3,A,48,,1
3,A,49,,2
3,A,50,,0
3,A,51,,1
3,A,53,,1
3,A,54,,1
3,A,56,,3
3,A,58,,11
3,A,60,,1
3,A,61,,2
3,A,62,,3
3,A,63,,3
3,A,64,,2
3,A,68,,3
3,A,69,,3
3,A,71,,3
3,A,72,,1
3,A,75,,1
3,A,76,,5
3,A,77,,5
3,A,78,,2
3,A,79,,5
3,A,80,,0
3,A,81,,4
3,A,82,,2
3,A,83,,2
3,A,84,,3
3,A,85,,2
3,A,86,,1
3,A,87,,2
3,A,88,,3
3,A,99,,5
3,A,100,,2
3,A,101,,0
3,A,102,,2
3,A,103,,2
3,A,104,,2
3,A,105,,2
3,A,106,,3
3,A,107,,5
3,A,108,,1
3,A,109,,3
3,A,110,,2
3,A,111,,4
3,A,112,,4
3,A,113,,2
3,A,116,,0
3,A,117,,2
3,A,118,,1
3,A,119,,3
3,A,121,,6
3,A,122,,0
3,A,123,,2
3,A,124,,4
3,A,125,,2
3,A,126,,4
3,A,127,,3
3,A,131,,0
3,A,132,,1
3,A,133,,5
3,A,134,,2
3,A,138,,4
3,A,139,,4
3,A,141,,0
3,A,142,,0
3,A,143,,2
3,A,144,,1
3,A,145,,1
3,A,146,,5
3,A,147,,2
3,A,148,,2
3,A,151,,2
3,A,161,,0
3,A,162,,5
3,A,166,,2
3,A,167,,5
3,A,168,,5
3,A,169,,2
3,A,170,,3
3,A,171,,0
3,A,172,,4
3,A,174,,1
3,A,175,,3
3,A,176,,3
3,A,177,,2
3,A,181,,7
3,A,182,,4
3,A,187,,3
3,A,188,,0
3,A,191,,0
3,A,192,,0
3,A,193,,1
3,A,194,,1
3,A,195,,1
3,A,196,,0
3,A,197,,2
3,A,201,,0
3,A,202,,3
3,A,203,,2
3,A,211,,0
3,A,212,,1
3,A,213,,3
3,A,214,,2
3,A,215,,2
3,A,216,,2
3,A,217,,3
3,A,218,,3
3,A,220,,1
3,A,224,,4
3,A,225,,1
3,A,226,,1
3,A,227,,2
3,A,230,,1
3,A,231,,0
3,A,232,,0
3,A,233,,3
3,A,234,,1
3,A,236,,3
3,A,237,,2
3,A,241,,2
3,A,247,,1
3,A,248,,2
3,A,250,,1
3,A,251,,1
3,A,253,,2
3,A,254,,0
3,B,1,,13
3,B,2,,2
3,B,3,,2
3,B,4,,4
3,B,5,,2
3,B,6,,2
3,B,8,,1
3,B,9,,3
3,B,10,,5
3,B,12,,3
3,B,13,,3
3,B,15,,2
3,B,16,,4
3,B,17,,2
3,B,18,,2
3,B,19,,3
3,B,21,,5
3,B,22,,3
3,B,23,,3
3,B,24,,0
3,B,31,,5
3,B,32,,4
3,B,33,,5
3,B,34,,3
3,B,35,,5
3,B,36,,2
3,B,37,,2
3,B,38,,2
3,B,39,,3
3,B,40,,3
3,B,41,,3
3,B,42,,1
3,B,43,,3
3,B,44,,3
3,B,45,,4
3,B,46,,4
3,B,47,,2
3,B,48,,2
3,B,49,,2
3,B,50,,2
3,B,51,,1
3,B,52,,2
3,B,53,,1
3,B,54,,1
3,B,55,,2
3,B,56,,3
3,B,57,,3
3,B,58,,13
3,B,59,,3
3,B,60,,1
3,B,61,,4
3,B,62,,3
3,B,63,,3
3,B,64,,2
3,B,65,,4
3,B,66,,3
3,B,67,,5
3,B,68,,3
3,B,69,,3
3,B,70,,2
3,B,71,,3
3,B,72,,1
3,B,75,,5
3,B,76,,6
3,B,77,,5
3,B,78,,2
3,B,79,,5
3,B,80,,5
3,B,81,,1
3,B,82,,2
3,B,84,,3
3,B,85,,2
3,B,86,,2
3,B,88,,4
3,B,99,,4
3,B,100,,2
3,B,101,,2
3,B,102,,2
3,B,103,,2
3,B,104,,3
3,B,105,,2
3,B,106,,4
3,B,107,,2
3,B,108,,1
3,B,109,,3
3,B,110,,2
3,B,111,,4
3,B,112,,4
3,B,113,,8
3,B,116,,21
3,B,117,,2
3,B,118,,3
3,B,119,,3
3,B,121,,8
3,B,122,,4
3,B,123,,3
3,B,124,,1
3,B,125,,2
3,B,127,,1
3,B,131,,6
3,B,132,,1
3,B,133,,8
3,B,134,,5
3,B,135,,4
3,B,136,,1
3,B,137,,4
3,B,138,,5
3,B,139,,7
3,B,141,,10
3,B,142,,2
3,B,143,,5
3,B,144,,1
3,B,145,,1
3,B,146,,6
3,B,147,,2
3,B,148,,2
3,B,151,,2
3,B,161,,6
3,B,162,,6
3,B,164,,4
3,B,165,,6
3,B,166,,2
3,B,167,,6
3,B,168,,5
3,B,169,,3
3,B,170,,3
3,B,171,,4
3,B,172,,4
3,B,174,,2
3,B,175,,4
3,B,176,,5
3,B,177,,2
3,B,181,,9
3,B,182,,7
3,B,186,,5
3,B,187,,3
3,B,188,,1
3,B,191,,7
3,B,192,,3
3,B,193,,2
3,B,194,,2
3,B,195,,1
3,B,196,,0
3,B,197,,2
3,B,201,,4
3,B,202,,4
3,B,203,,3
3,B,211,,4
3,B,212,,6
3,B,213,,5
3,B,214,,2
3,B,215,,2
3,B,216,,7
3,B,217,,3
3,B,218,,5
3,B,219,,2
3,B,220,,1
3,B,221,,3
3,B,222,,1
3,B,223,,2
3,B,224,,4
3,B,225,,2
3,B,226,,3
3,B,227,,2
3,B,229,,4
3,B,230,,1
3,B,231,,0
3,B,232,,4
3,B,233,,3
3,B,234,,9
3,B,236,,3
3,B,237,,3
3,B,241,,2
3,B,246,,2
3,B,247,,2
3,B,248,,2
3,B,249,,2
3,B,250,,3
3,B,252,,2
3,B,253,,2
3,B,254,,0
2,A,3,,1
2,A,16,,2
2,A,20,,3
2,A,21,,3
2,A,22,,1
2,A,23,,3
2,A,24,,2
2,A,25,,2
2,A,26,,1
2,A,27,,2
2,A,31,,2
2,A,32,,2
2,A,33,,8
2,A,34,,3
2,A,35,,7
2,A,41,,3
2,A,43,,3
2,A,44,,3
2,A,45,,2
2,A,47,,2
2,A,48,,3
2,A,50,,3
2,A,51,,2
2,A,52,,1
2,A,53,,8
2,A,54,,4
2,A,55,,3
2,A,56,,3
2,A,57,,3
2,A,58,,2
2,A,59,,3
2,A,60,,2
2,A,61,,4
2,A,62,,3
2,A,63,,2
2,A,64,,2
2,A,69,,3
2,A,70,,2
2,A,71,,2
2,A,72,,1
2,A,76,,2
2,A,77,,1
2,A,80,,2
2,A,81,,2
2,A,83,,3
2,A,84,,0
2,A,85,,3
2,A,86,,3
2,A,88,,1
2,A,89,,1
2,A,91,,2
2,A,92,,3
2,A,93,,3
2,A,94,,2
2,A,95,,2
2,A,96,,3
2,A,97,,4
2,A,98,,2
2,A,99,,2
2,A,101,,2
2,A,102,,1
2,A,103,,2
2,A,104,,5
2,A,105,,4
2,A,106,,2
2,A,107,,5
2,A,108,,4
2,A,109,,2
2,A,110,,0
2,A,111,,3
2,A,112,,3
2,A,113,,4
2,A,114,,4
2,A,115,,5
2,A,116,,1
2,A,118,,6
2,A,119,,4
2,A,120,,2
2,A,121,,0
2,A,122,,2
2,A,123,,1
2,A,124,,4
2,A,125,,0
2,A,126,,1
2,A,127,,2
2,A,131,,2
2,A,132,,2
2,A,133,,2
2,A,134,,2
2,A,135,,5
2,A,136,,4
2,A,137,,1
2,A,138,,2
2,A,139,,2
2,A,140,,8
2,A,141,,0
2,A,142,,2
2,A,143,,3
2,A,144,,3
2,A,145,,2
2,A,146,,4
2,A,147,,2
2,A,149,,2
2,A,150,,0
2,A,151,,1
2,A,153,,2
2,A,154,,2
2,A,155,,3
2,A,156,,1
2,A,157,,1
2,A,158,,1
2,A,159,,2
2,A,161,,2
2,A,162,,2
2,A,163,,2
2,A,164,,3
2,A,171,,0
2,A,172,,2
2,A,176,,2
2,A,181,,2
2,A,182,,2
2,A,183,,4
2,A,184,,2
2,A,185,,2
2,A,186,,3
2,A,191,,2
2,A,192,,5
2,A,193,,4
2,A,194,,1
2,A,195,,1
2,A,197,,1
2,A,198,,4
2,A,199,,3
2,A,200,,4
2,A,201,,3
2,A,203,,3
2,B,1,,2
2,B,2,,1
2,B,4,,7
2,B,5,,2
2,B,6,,2
2,B,7,,2
2,B,8,,2
2,B,9,,3
2,B,10,,3
2,B,11,,2
2,B,12,,2
2,B,13,,3
2,B,14,,2
2,B,15,,4
2,B,17,,2
2,B,18,,0
2,B,19,,1
2,B,20,,2
2,B,21,,4
2,B,22,,3
2,B,23,,3
2,B,24,,2
2,B,25,,2
2,B,26,,1
2,B,27,,2
2,B,31,,2
2,B,32,,2
2,B,33,,6
2,B,34,,3
2,B,35,,2
2,B,41,,3
2,B,42,,4
2,B,45,,4
2,B,46,,2
2,B,47,,2
2,B,48,,3
2,B,49,,2
2,B,50,,3
2,B,51,,2
2,B,52,,1
2,B,53,,4
2,B,54,,5
2,B,55,,3
2,B,56,,4
2,B,57,,3
2,B,58,,4
2,B,59,,3
2,B,60,,4
2,B,61,,3
2,B,62,,3
2,B,63,,2
2,B,64,,2
2,B,69,,3
2,B,70,,2
2,B,71,,2
2,B,72,,1
2,B,76,,3
2,B,77,,1
2,B,80,,2
2,B,81,,3
2,B,82,,4
2,B,83,,3
2,B,84,,2
2,B,85,,4
2,B,86,,4
2,B,87,,1
2,B,88,,3
2,B,89,,1
2,B,91,,6
2,B,92,,6
2,B,93,,3
2,B,94,,2
2,B,95,,2
2,B,96,,3
2,B,97,,4
2,B,98,,2
2,B,99,,2
2,B,100,,2
2,B,101,,2
2,B,102,,1
2,B,103,,2
2,B,104,,6
2,B,105,,4
2,B,106,,2
2,B,107,,5
2,B,108,,5
2,B,109,,2
2,B,110,,7
2,B,111,,3
2,B,112,,3
2,B,113,,3
2,B,114,,3
2,B,115,,3
2,B,116,,1
2,B,117,,4
2,B,118,,8
2,B,119,,6
2,B,120,,2
2,B,121,,2
2,B,122,,2
2,B,123,,1
2,B,124,,5
2,B,125,,2
2,B,126,,2
2,B,127,,3
2,B,128,,1
2,B,131,,3
2,B,132,,3
2,B,133,,3
2,B,134,,2
2,B,135,,5
2,B,136,,4
2,B,137,,1
2,B,138,,3
2,B,139,,2
2,B,140,,6
2,B,141,,4
2,B,142,,3
2,B,143,,3
2,B,144,,3
2,B,145,,3
2,B,146,,2
2,B,147,,2
2,B,148,,3
2,B,149,,2
2,B,150,,1
2,B,151,,2
2,B,152,,5
2,B,153,,2
2,B,154,,2
2,B,155,,4
2,B,156,,5
2,B,157,,2
2,B,158,,1
2,B,159,,2
2,B,160,,5
2,B,162,,2
2,B,163,,2
2,B,164,,7
2,B,171,,2
2,B,172,,2
2,B,173,,1
2,B,176,,3
2,B,181,,2
2,B,182,,2
2,B,183,,4
2,B,184,,4
2,B,185,,2
2,B,186,,3
2,B,187,,1
2,B,191,,2
2,B,192,,5
2,B,193,,4
2,B,194,,3
2,B,195,,4
2,B,196,,1
2,B,197,,3
2,B,198,,5
2,B,199,,3
2,B,200,,4
2,B,201,,4
2,B,202,,3
2,B,203,,5
2,B,204,,1
5,A,1,,0
5,A,2,,2
5,A,7,,1
5,A,12,,2
5,A,21,,0
5,A,22,,0
5,A,24,,2
5,A,41,,3
5,A,43,,3
5,A,44,,1
5,A,45,,2
5,A,51,,1
5,A,52,,0
5,A,53,,2
5,A,54,,4
5,A,56,,4
5,A,57,,2
5,A,81,,0
5,A,82,,1
5,A,83,,1
5,A,84,,1
5,A,91,,0
5,A,92,,2
5,A,93,,2
5,A,94,,2
5,A,95,,2
5,A,96,,0
5,B,1,,3
5,B,2,,3
5,B,7,,2
5,B,8,,2
5,B,11,,3
5,B,12,,2
5,B,21,,3
5,B,22,,2
5,B,24,,2
5,B,25,,1
5,B,41,,4
5,B,42,,4
5,B,43,,4
5,B,44,,4
5,B,45,,4
5,B,46,,1
5,B,51,,3
5,B,52,,2
5,B,53,,2
5,B,54,,4
5,B,56,,4
5,B,57,,2
5,B,58,,3
5,B,59,,2
5,B,60,,3
5,B,81,,2
5,B,82,,2
5,B,83,,1
5,B,84,,1
5,B,91,,2
5,B,92,,3
5,B,93,,4
5,B,94,,2
5,B,95,,2
4,A,1,,3
4,A,2,,0
4,A,3,,1
4,A,4,,1
4,A,5,,1
4,A,6,,5
4,A,8,,2
4,A,9,,1
4,A,10,,3
4,A,12,,2
4,A,13,,1
4,A,14,,2
4,A,15,,4
4,A,16,,2
4,A,17,,1
4,A,18,,5
4,A,20,,0
4,A,21,,1
4,A,23,,3
4,A,24,,2
4,A,26,,1
4,A,27,,0
4,A,28,,4
4,A,31,,4
4,A,34,,0
4,A,35,,3
4,A,36,,0
4,A,37,,0
4,A,38,,0
4,A,40,,0
4,A,41,,1
4,A,42,,2
4,A,43,,2
4,A,44,,0
4,A,45,,1
4,A,46,,2
4,A,47,,3
4,A,49,,3
4,A,50,,2
4,A,53,,5
4,A,54,,1
4,A,55,,0
4,A,56,,1
4,A,57,,1
4,A,58,,1
4,A,59,,4
4,A,61,,3
4,A,63,,0
4,A,65,,4
4,A,66,,3
4,A,67,,2
4,A,68,,3
4,A,69,,2
4,A,70,,2
4,A,71,,4
4,A,72,,0
4,A,73,,1
4,A,74,,0
4,A,75,,0
4,A,76,,1
4,A,77,,1
4,A,78,,0
4,A,79,,3
4,A,80,,3
4,A,81,,0
4,A,82,,1
4,A,84,,1
4,A,85,,2
4,B,1,,18
4,B,2,,4
4,B,3,,19
4,B,4,,2
4,B,5,,2
4,B,6,,4
4,B,7,,2
4,B,8,,4
4,B,9,,2
4,B,10,,8
4,B,11,,2
4,B,12,,2
4,B,13,,1
4,B,14,,4
4,B,15,,5
4,B,16,,3
4,B,17,,3
4,B,18,,10
4,B,20,,3
4,B,21,,5
4,B,22,,3
4,B,23,,3
4,B,24,,1
4,B,25,,1
4,B,26,,1
4,B,27,,1
4,B,28,,5
4,B,29,,2
4,B,30,,2
4,B,31,,1
4,B,32,,2
4,B,33,,2
4,B,34,,3
4,B,35,,3
4,B,36,,0
4,B,37,,0
4,B,38,,0
4,B,40,,2
4,B,41,,2
4,B,42,,2
4,B,43,,2
4,B,44,,6
4,B,45,,3
4,B,46,,2
4,B,47,,3
4,B,48,,2
4,B,50,,3
4,B,51,,2
4,B,52,,3
4,B,53,,6
4,B,54,,2
4,B,55,,8
4,B,56,,1
4,B,57,,2
4,B,58,,0
4,B,59,,4
4,B,60,,1
4,B,61,,1
4,B,62,,2
4,B,63,,2
4,B,64,,1
4,B,65,,2
4,B,66,,6
4,B,67,,3
4,B,68,,3
4,B,69,,2
4,B,70,,2
4,B,71,,4
4,B,72,,5
4,B,75,,4
4,B,76,,1
4,B,77,,2
4,B,78,,3
4,B,79,,4
4,B,80,,4
4,B,81,,5
4,B,82,,1
4,B,83,,3
4,B,84,,1
4,B,85,,2
4,B,86,,2
7,A,1,,0
7,A,2,,1
7,A,3,,0
7,A,4,,0
7,A,21,,0
7,A,22,,1
7,A,23,,2
7,A,27,,2
7,A,28,,2
7,A,50,,0
7,A,51,,1
7,A,52,,2
7,A,53,,0
7,A,54,,3
7,A,55,,0
7,A,56,,3
7,A,57,,1
7,A,58,,1
7,A,59,,2
7,A,60,,1
7,B,1,,4
7,B,2,,2
7,B,3,,1
7,B,4,,2
7,B,21,,4
7,B,22,,2
7,B,23,,3
7,B,25,,1
7,B,26,,1
7,B,27,,2
7,B,50,,9
7,B,51,,1
7,B,52,,2
7,B,54,,3
7,B,55,,6
7,B,56,,7
7,B,57,,2
7,B,58,,3
7,B,59,,4
7,B,60,,3
7,B,61,,3
6,A,1,,0
6,A,2,,4
6,A,3,,1
6,A,4,,0
6,A,5,,0
6,A,6,,0
6,A,7,,0
6,A,8,,0
6,A,9,,0
6,A,10,,0
6,A,11,,1
6,A,12,,1
6,A,13,,5
6,A,14,,0
6,A,15,,0
6,A,16,,1
6,A,17,,2
6,A,18,,2
6,A,19,,2
6,A,20,,1
6,A,21,,1
6,A,22,,0
6,A,23,,1
6,A,24,,2
6,A,25,,0
6,A,28,,0
6,A,29,,1
6,A,30,,1
6,A,31,,1
6,A,32,,0
6,A,33,,0
6,A,34,,1
6,A,35,,1
6,A,36,,2
6,A,37,,1
6,A,38,,2
6,A,39,,6
6,A,40,,2
6,A,41,,1
6,A,42,,0
6,A,43,,2
6,A,44,,1
6,A,45,,0
6,A,46,,1
6,A,47,,1
6,A,49,,3
6,A,50,,0
6,A,51,,4
6,A,52,,3
6,A,53,,3
6,A,54,,2
6,A,55,,2
6,A,56,,0
6,A,59,,2
6,A,60,,0
6,A,61,,1
6,A,62,,1
6,A,65,,1
6,A,66,,0
6,A,67,,0
6,A,69,,1
6,A,70,,1
6,A,71,,0
6,A,72,,1
6,A,73,,2
6,A,74,,2
6,A,75,,3
6,A,76,,4
6,A,77,,1
6,A,78,,0
6,A,79,,1
6,A,80,,3
6,A,81,,2
6,A,82,,2
6,A,83,,2
6,A,84,,1
6,A,85,,2
6,A,86,,3
6,A,87,,1
6,A,89,,1
6,A,91,,0
6,A,92,,2
6,A,93,,1
6,A,94,,3
6,A,95,,0
6,A,96,,0
6,A,97,,0
6,A,98,,4
6,A,101,,0
6,A,102,,3
6,A,103,,3
6,A,105,,0
6,A,106,,0
6,A,107,,1
6,A,108,,2
6,A,109,,0
6,A,110,,0
6,A,111,,1
6,A,112,,0
6,A,113,,1
6,A,114,,1
6,A,115,,4
6,A,116,,0
6,A,117,,1
6,A,118,,1
6,A,119,,1
6,A,121,,0
6,A,122,,1
6,A,124,,2
6,A,125,,1
6,A,126,,1
6,A,132,,3
6,A,133,,1
6,A,134,,2
6,A,141,,0
6,A,142,,1
6,A,143,,0
6,A,146,,0
6,A,147,,2
6,A,148,,0
6,A,153,,2
6,A,157,,1
6,A,162,,2
6,A,163,,2
6,A,166,,0
6,A,167,,2
6,A,168,,2
6,A,169,,6
6,A,170,,4
6,A,171,,1
6,A,177,,1
6,A,178,,2
6,A,179,,0
6,A,181,,0
6,A,182,,2
6,A,183,,0
6,A,184,,0
6,A,185,,4
6,A,187,,1
6,A,188,,1
6,A,189,,0
6,A,190,,1
6,A,191,,0
6,A,192,,2
6,A,193,,0
6,A,195,,0
6,A,196,,2
6,A,197,,4
6,A,198,,2
6,A,200,,0
6,A,201,,2
6,A,202,,4
6,A,203,,2
6,A,205,,2
6,A,208,,3
6,A,209,,6
6,A,210,,0
6,A,211,,1
6,B,1,,11
6,B,2,,3
6,B,3,,1
6,B,4,,8
6,B,5,,1
6,B,6,,4
6,B,7,,1
6,B,8,,2
6,B,9,,1
6,B,10,,2
6,B,11,,2
6,B,12,,16
6,B,13,,12
6,B,14,,4
6,B,15,,1
6,B,16,,1
6,B,17,,5
6,B,18,,3
6,B,19,,2
6,B,20,,1
6,B,21,,1
6,B,22,,2
6,B,23,,1
6,B,24,,4
6,B,25,,2
6,B,26,,1
6,B,27,,2
6,B,28,,5
6,B,29,,1
6,B,30,,3
6,B,31,,4
6,B,32,,3
6,B,33,,2
6,B,34,,1
6,B,35,,1
6,B,36,,2
6,B,37,,3
6,B,38,,2
6,B,39,,3
6,B,40,,2
6,B,41,,1
6,B,42,,2
6,B,43,,1
6,B,44,,2
6,B,45,,1
6,B,46,,3
6,B,47,,2
6,B,48,,2
6,B,49,,3
6,B,50,,2
6,B,51,,4
6,B,52,,6
6,B,53,,8
6,B,54,,5
6,B,55,,4
6,B,56,,1
6,B,57,,2
6,B,58,,2
6,B,59,,0
6,B,60,,7
6,B,61,,1
6,B,62,,2
6,B,65,,1
6,B,66,,2
6,B,67,,2
6,B,68,,3
6,B,69,,1
6,B,70,,2
6,B,71,,2
6,B,72,,1
6,B,73,,2
6,B,74,,2
6,B,75,,3
6,B,76,,5
6,B,77,,4
6,B,78,,14
6,B,79,,1
6,B,80,,3
6,B,81,,3
6,B,82,,2
6,B,83,,2
6,B,84,,1
6,B,85,,2
6,B,86,,3
6,B,87,,1
6,B,88,,6
6,B,89,,1
6,B,90,,1
6,B,91,,2
6,B,92,,2
6,B,93,,1
6,B,94,,3
6,B,95,,13
6,B,96,,5
6,B,97,,2
6,B,99,,2
6,B,101,,2
6,B,102,,4
6,B,103,,3
6,B,104,,1
6,B,106,,4
6,B,107,,3
6,B,108,,3
6,B,109,,4
6,B,110,,4
6,B,111,,3
6,B,112,,5
6,B,113,,2
6,B,114,,1
6,B,115,,5
6,B,116,,11
6,B,117,,8
6,B,118,,1
6,B,119,,1
6,B,121,,5
6,B,122,,1
6,B,123,,1
6,B,131,,8
6,B,132,,8
6,B,133,,2
6,B,134,,2
6,B,135,,1
6,B,141,,2
6,B,143,,4
6,B,146,,1
6,B,147,,2
6,B,148,,1
6,B,151,,5
6,B,152,,1
6,B,153,,3
6,B,154,,1
6,B,155,,2
6,B,156,,2
6,B,157,,2
6,B,161,,0
6,B,162,,1
6,B,163,,2
6,B,166,,2
6,B,167,,2
6,B,168,,2
6,B,169,,4
6,B,170,,5
6,B,171,,3
6,B,176,,4
6,B,177,,2
6,B,178,,2
6,B,179,,0
6,B,180,,2
6,B,181,,5
6,B,182,,3
6,B,183,,0
6,B,184,,2
6,B,185,,4
6,B,186,,3
6,B,187,,1
6,B,188,,1
6,B,189,,2
6,B,190,,2
6,B,191,,5
6,B,192,,2
6,B,193,,1
6,B,195,,2
6,B,196,,1
6,B,197,,4
6,B,198,,2
6,B,200,,2
6,B,201,,1
6,B,202,,1
6,B,203,,4
6,B,204,,5
6,B,205,,5
6,B,208,,4
6,B,209,,8
6,B,210,,2
6,B,212,,1
9,A,1,,0
9,A,2,,1
9,A,3,,2
9,A,4,,2
9,A,5,,2
9,A,7,,2
9,A,8,,0
9,A,9,,1
9,A,10,,2
9,A,13,,0
9,A,14,,1
9,A,15,,2
9,A,16,,2
9,A,17,,1
9,A,18,,3
9,A,20,,1
9,A,21,,1
9,B,1,,6
9,B,2,,1
9,B,3,,2
9,B,4,,2
9,B,5,,2
9,B,6,,1
9,B,7,,6
9,B,8,,3
9,B,9,,2
9,B,10,,5
9,B,11,,2
9,B,12,,5
9,B,13,,1
9,B,14,,3
9,B,15,,3
9,B,16,,2
9,B,17,,1
9,B,18,,3
9,B,20,,3
15,A,1,,0
15,A,2,,3
15,A,3,,3
15,A,11,,0
15,A,12,,1
15,A,21,,0
15,A,22,,1
15,A,23,,5
15,A,31,,0
15,A,32,,1
15,A,33,,5
15,A,41,,0
15,A,42,,2
15,A,43,,2
15,A,51,,0
15,A,52,,0
15,A,53,,0
15,A,61,,0
15,A,62,,1
15,A,63,,5
15,A,72,,2
15,A,73,,1
15,A,76,,4
15,A,81,,2
15,A,82,,1
15,B,1,,2
15,B,2,,3
15,B,3,,3
15,B,11,,1
15,B,21,,2
15,B,22,,3
15,B,23,,3
15,B,31,,2
15,B,32,,3
15,B,33,,3
15,B,41,,2
15,B,42,,3
15,B,43,,2
15,B,51,,3
15,B,52,,2
15,B,53,,1
15,B,61,,2
15,B,62,,3
15,B,63,,3
15,B,71,,2
15,B,72,,2
15,B,73,,2
15,B,75,,4
15,B,76,,4
15,B,80,,2
15,B,81,,2
15,B,82,,3
27,A,2,,1
27,A,3,,2
27,A,4,,0
27,A,6,,1
27,B,1,,5
27,B,2,,1
27,B,3,,2
27,B,4,,1
27,B,5,,1
27,B,6,,1
17,A,1,,0
17,A,2,,0
17,A,4,,0
17,A,6,,1
17,A,8,,0
17,A,10,,2
17,A,11,,3
17,A,12,,1
17,A,14,,4
17,A,20,,0
17,A,21,,1
17,A,22,,1
17,A,23,,2
17,A,24,,4
17,A,25,,0
17,A,26,,0
17,A,27,,2
17,A,28,,1
17,A,29,,4
17,A,30,,0
17,A,31,,0
17,A,32,,0
17,A,33,,0
17,A,34,,0
17,A,35,,0
17,A,39,,0
17,A,40,,0
17,A,52,,0
17,A,53,,2
17,A,54,,0
17,A,55,,1
17,A,56,,0
17,A,57,,0
17,A,58,,1
17,A,59,,3
17,A,60,,0
17,A,62,,0
17,B,1,,12
17,B,2,,2
17,B,4,,2
17,B,6,,2
17,B,8,,3
17,B,10,,2
17,B,11,,3
17,B,12,,2
17,B,13,,1
17,B,14,,13
17,B,20,,8
17,B,21,,1
17,B,22,,3
17,B,23,,2
17,B,24,,5
17,B,25,,3
17,B,26,,2
17,B,27,,2
17,B,28,,2
17,B,29,,5
17,B,30,,4
17,B,31,,2
17,B,32,,2
17,B,33,,11
17,B,34,,2
17,B,35,,2
17,B,36,,0
17,B,37,,4
17,B,38,,4
17,B,39,,0
17,B,40,,1
17,B,51,,4
17,B,52,,10
17,B,53,,2
17,B,54,,0
17,B,55,,5
17,B,56,,2
17,B,57,,2
17,B,58,,3
17,B,59,,2
17,B,60,,2
17,B,61,,2
17,B,62,,1
13,A,1,,0
13,A,3,,0
13,A,4,,3
13,A,5,,0
13,A,6,,0
13,A,7,,0
13,A,8,,1
13,A,10,,0
13,A,11,,1
13,A,12,,2
13,A,13,,0
13,A,14,,1
13,A,21,,0
13,A,22,,1
13,A,23,,3
13,A,31,,0
13,A,32,,1
13,A,34,,4
13,A,35,,2
13,A,36,,0
13,B,1,,7
13,B,3,,4
13,B,4,,3
13,B,5,,2
13,B,6,,2
13,B,7,,1
13,B,8,,3
13,B,10,,1
13,B,11,,1
13,B,12,,2
13,B,13,,2
13,B,14,,3
13,B,15,,1
13,B,21,,6
13,B,22,,6
13,B,23,,3
13,B,31,,14
13,B,34,,4
13,B,35,,5
13,B,36,,1
21,A,1,,4
21,A,2,,1
21,A,3,,5
21,A,5,,1
21,A,6,,0
21,A,11,,4
21,A,12,,1
21,A,13,,5
21,A,15,,5
21,A,16,,4
21,A,21,,0
21,A,22,,5
21,A,23,,1
21,A,24,,4
21,A,31,,0
21,A,32,,5
21,A,33,,1
21,A,34,,4
21,A,35,,3
21,A,36,,2
21,B,1,,7
21,B,2,,3
21,B,3,,7
21,B,5,,3
21,B,6,,1
21,B,7,,2
21,B,8,,2
21,B,14,,2
21,B,15,,6
21,B,16,,6
21,B,17,,4
21,B,18,,3
21,B,21,,2
21,B,22,,1
21,B,23,,2
21,B,24,,2
21,B,25,,1
21,B,26,,2
21,B,30,,0
21,B,35,,4
21,B,36,,4
21,B,37,,2
21,B,38,,1
11,A,1,,0
11,A,2,,1
11,A,3,,4
11,A,4,,1
11,A,5,,1
11,A,8,,2
11,A,21,,0
11,A,22,,0
11,A,23,,0
11,A,24,,0
11,A,25,,0
11,A,26,,0
11,B,1,,2
11,B,2,,1
11,B,3,,4
11,B,4,,1
11,B,5,,2
11,B,6,,3
11,B,7,,2
11,B,8,,2
11,B,20,,4
11,B,21,,1
11,B,22,,2
11,B,23,,1
11,B,24,,2
11,B,25,,2
11,B,26,,1
11,B,27,,1
23,A,1,,1
23,A,2,,3
23,B,1,,3
23,B,2,,4
42,A,1,,0
42,A,2,,1
42,A,3,,1
42,A,4,,0
42,B,1,,14
42,B,2,,1
42,B,3,,2
42,B,4,,1
40,A,2,,2
40,A,3,,1
40,A,4,,1
40,A,5,,1
40,A,6,,2
40,A,7,,0
40,A,8,,4
40,A,9,,0
40,A,21,,0
40,A,22,,0
40,A,23,,5
40,A,24,,2
40,A,25,,1
40,A,26,,1
40,A,27,,2
40,A,28,,2
40,A,29,,0
40,B,1,,7
40,B,2,,2
40,B,3,,1
40,B,4,,1
40,B,5,,3
40,B,6,,1
40,B,7,,2
40,B,8,,4
40,B,9,,1
40,B,21,,3
40,B,22,,9
40,B,23,,6
40,B,24,,2
40,B,25,,1
40,B,26,,1
40,B,27,,1
40,B,28,,2
40,B,29,,2
40,B,30,,3
10,A,1,,2
10,A,2,,1
10,A,3,,3
10,A,4,,0
10,A,5,,2
10,A,6,,2
10,A,7,,2
10,A,8,,2
10,A,9,,0
10,A,12,,2
10,A,15,,0
10,A,16,,6
10,B,1,,6
10,B,2,,2
10,B,3,,4
10,B,4,,2
10,B,5,,3
10,B,6,,3
10,B,7,,2
10,B,8,,2
10,B,9,,2
10,B,10,,3
10,B,11,,2
10,B,12,,1
10,B,13,,3
10,B,14,,2
10,B,15,,4
10,B,16,,1
36,A,2,,1
36,A,3,,3
36,A,4,,3
36,A,5,,9
36,A,6,,1
36,A,7,,1
36,A,8,,1
36,A,9,,2
36,A,12,,3
36,A,13,,0
36,A,14,,0
36,A,16,,1
36,B,1,,14
36,B,2,,1
36,B,3,,2
36,B,4,,2
36,B,5,,7
36,B,6,,2
36,B,7,,1
36,B,8,,2
36,B,9,,2
36,B,10,,2
36,B,11,,2
36,B,12,,3
36,B,13,,0
36,B,14,,1
36,B,15,,1
36,B,16,,2
46,A,1,,0
46,A,2,,0
46,A,4,,0
46,A,5,,0
46,A,6,,3
46,A,7,,3
46,A,8,,0
46,A,9,,0
46,A,10,,3
46,A,11,,2
46,A,12,,2
46,A,13,,0
46,A,14,,1
46,A,15,,0
46,A,16,,2
46,A,17,,2
46,A,20,,1
46,A,21,,0
46,A,22,,1
46,A,24,,2
46,A,25,,0
46,A,26,,0
46,A,27,,2
46,A,28,,2
46,A,31,,0
46,A,33,,0
46,A,34,,1
46,A,35,,1
46,A,36,,1
46,B,1,,18
46,B,2,,2
46,B,3,,6
46,B,4,,2
46,B,5,,2
46,B,6,,5
46,B,7,,14
46,B,8,,4
46,B,9,,2
46,B,10,,5
46,B,11,,2
46,B,12,,2
46,B,13,,1
46,B,14,,1
46,B,15,,1
46,B,16,,2
46,B,17,,2
46,B,18,,4
46,B,19,,2
46,B,20,,1
46,B,21,,0
46,B,22,,2
46,B,23,,2
46,B,24,,2
46,B,25,,0
46,B,26,,0
46,B,27,,2
46,B,28,,2
46,B,31,,8
46,B,32,,2
46,B,33,,0
46,B,34,,1
46,B,35,,1
46,B,36,,1
34,A,2,,1
34,A,12,,3
34,A,13,,2
34,A,14,,1
34,A,15,,3
34,A,17,,3
34,A,18,,2
34,A,20,,3
34,A,21,,2
34,A,22,,1
34,A,23,,3
34,A,25,,3
34,A,26,,2
34,A,27,,1
34,A,28,,1
34,A,31,,0
34,A,32,,3
34,A,33,,3
34,A,34,,1
34,A,41,,0
34,A,42,,2
34,A,43,,0
34,A,44,,1
34,A,45,,1
34,A,46,,0
34,A,47,,0
34,A,48,,0
34,A,52,,2
34,A,53,,1
34,A,54,,2
34,A,55,,2
34,A,58,,2
34,A,60,,1
34,A,62,,1
34,A,63,,1
34,A,64,,1
34,A,65,,1
34,A,66,,0
34,A,68,,2
34,A,91,,0
34,A,92,,1
34,A,101,,0
34,A,102,,2
34,A,103,,2
34,A,104,,0
34,A,121,,0
34,A,122,,1
34,A,123,,0
34,A,124,,1
34,A,125,,2
34,A,126,,0
34,A,130,,0
34,A,131,,1
34,A,132,,0
34,A,152,,0
34,A,153,,1
34,A,154,,0
34,A,155,,0
34,A,156,,1
34,A,157,,0
34,A,160,,0
34,A,161,,2
34,B,1,,6
34,B,2,,1
34,B,11,,2
34,B,12,,7
34,B,13,,2
34,B,14,,2
34,B,16,,5
34,B,17,,3
34,B,18,,2
34,B,19,,2
34,B,20,,7
34,B,21,,2
34,B,22,,2
34,B,24,,5
34,B,25,,3
34,B,26,,2
34,B,27,,2
34,B,28,,2
34,B,31,,2
34,B,32,,2
34,B,33,,2
34,B,34,,2
34,B,41,,4
34,B,42,,1
34,B,43,,1
34,B,44,,3
34,B,45,,1
34,B,46,,4
34,B,47,,1
34,B,48,,3
34,B,51,,24
34,B,52,,2
34,B,53,,1
34,B,54,,5
34,B,55,,3
34,B,56,,1
34,B,57,,4
34,B,58,,2
34,B,59,,3
34,B,60,,1
34,B,61,,2
34,B,62,,5
34,B,63,,3
34,B,64,,8
34,B,65,,1
34,B,66,,5
34,B,67,,2
34,B,68,,2
34,B,91,,2
34,B,92,,1
34,B,101,,11
34,B,102,,4
34,B,103,,5
34,B,104,,1
34,B,105,,2
34,B,121,,6
34,B,122,,4
34,B,124,,1
34,B,125,,4
34,B,126,,2
34,B,127,,2
34,B,128,,1
34,B,130,,11
34,B,131,,2
34,B,132,,3
34,B,151,,8
34,B,152,,2
34,B,153,,2
34,B,154,,0
34,B,155,,2
34,B,156,,2
34,B,157,,0
34,B,160,,7
34,B,161,,3
34,B,162,,5
44,A,1,,0
44,A,2,,3
44,A,4,,0
44,A,11,,0
44,A,13,,0
44,A,14,,1
44,A,15,,1
44,A,16,,1
44,A,181,,0
44,A,182,,0
44,A,183,,2
44,A,184,,1
44,A,187,,0
44,A,188,,0
44,A,189,,1
44,A,190,,1
44,A,191,,3
44,A,192,,1
44,A,193,,1
44,A,194,,2
44,A,195,,0
44,A,196,,2
44,A,197,,0
44,A,198,,3
44,A,200,,2
44,A,201,,2
44,A,202,,0
44,A,203,,0
44,A,204,,0
44,A,205,,0
44,A,207,,0
44,A,210,,0
44,A,211,,1
44,A,213,,0
44,A,214,,0
44,A,215,,0
44,A,218,,1
44,A,219,,1
44,A,220,,1
44,A,222,,0
44,A,223,,0
44,A,224,,3
44,A,225,,0
44,A,226,,3
44,A,227,,1
44,A,228,,4
44,A,229,,3
44,A,230,,1
44,A,231,,1
44,A,232,,3
44,A,233,,1
44,A,236,,1
44,A,237,,0
44,A,238,,1
44,A,239,,2
44,A,240,,1
44,A,243,,2
44,A,244,,2
44,A,245,,1
44,A,246,,1
44,A,247,,1
44,A,248,,1
44,A,249,,2
44,A,251,,2
44,A,252,,3
44,A,253,,0
44,A,254,,1
44,B,1,,2
44,B,2,,3
44,B,3,,3
44,B,4,,2
44,B,11,,8
44,B,12,,2
44,B,13,,0
44,B,14,,1
44,B,15,,1
44,B,16,,1
44,B,181,,9
44,B,182,,15
44,B,183,,2
44,B,184,,1
44,B,185,,8
44,B,186,,2
44,B,187,,2
44,B,188,,2
44,B,189,,8
44,B,190,,2
44,B,191,,4
44,B,192,,4
44,B,193,,3
44,B,194,,3
44,B,195,,2
44,B,196,,2
44,B,197,,3
44,B,198,,3
44,B,200,,3
44,B,201,,2
44,B,202,,2
44,B,203,,4
44,B,204,,2
44,B,205,,2
44,B,206,,1
44,B,207,,7
44,B,210,,4
44,B,211,,1
44,B,212,,2
44,B,213,,7
44,B,215,,0
44,B,218,,2
44,B,219,,1
44,B,220,,2
44,B,221,,2
44,B,222,,2
44,B,223,,2
44,B,224,,3
44,B,225,,2
44,B,226,,3
44,B,227,,6
44,B,228,,5
44,B,229,,4
44,B,230,,2
44,B,231,,6
44,B,232,,6
44,B,233,,4
44,B,235,,2
44,B,236,,2
44,B,237,,2
44,B,238,,2
44,B,239,,2
44,B,240,,3
44,B,241,,1
44,B,242,,1
44,B,243,,3
44,B,244,,3
44,B,245,,14
44,B,246,,1
44,B,247,,2
44,B,248,,1
44,B,249,,2
44,B,251,,2
44,B,252,,3
44,B,253,,2
44,B,254,,2
44,B,255,,0
247,A,116,,0
247,A,117,,3
247,A,118,,4
247,A,119,,2
247,B,1,,4
247,B,2,,4
247,B,3,,5
247,B,4,,7
247,B,5,,3
247,B,6,,4
247,B,7,,5
247,B,8,,3
247,B,9,,3
247,B,10,,12
247,B,11,,7
247,B,12,,6
247,B,13,,4
247,B,14,,4
247,B,15,,3
247,B,16,,4
247,B,17,,6
247,B,18,,4
247,B,19,,10
247,B,20,,3
247,B,21,,6
247,B,22,,3
247,B,23,,4
247,B,24,,4
247,B,25,,8
247,B,26,,5
247,B,27,,4
247,B,28,,4
247,B,29,,6
247,B,30,,3
247,B,31,,5
247,B,32,,3
247,B,33,,4
247,B,34,,6
247,B,35,,6
247,B,36,,13
247,B,37,,3
247,B,38,,6
247,B,39,,3
247,B,40,,4
247,B,41,,4
247,B,42,,7
247,B,43,,4
247,B,44,,6
247,B,45,,4
247,B,46,,3
247,B,47,,4
247,B,49,,8
247,B,50,,3
247,B,51,,3
247,B,52,,7
247,B,53,,3
247,B,54,,5
247,B,55,,4
247,B,56,,4
247,B,57,,4
247,B,58,,4
247,B,59,,3
247,B,60,,4
247,B,61,,4
247,B,62,,11
247,B,63,,9
247,B,64,,9
247,B,65,,5
247,B,66,,4
247,B,67,,7
247,B,68,,2
247,B,69,,1
247,B,70,,6
247,B,71,,4
247,B,72,,7
247,B,73,,6
247,B,74,,4
247,B,75,,5
247,B,76,,4
247,B,77,,4
247,B,78,,4
247,B,79,,6
247,B,80,,5
247,B,81,,11
247,B,82,,4
247,B,83,,4
247,B,84,,7
247,B,85,,3
247,B,86,,5
247,B,87,,5
247,B,88,,3
247,B,89,,3
247,B,90,,5
247,B,91,,4
247,B,92,,9
247,B,93,,8
247,B,94,,16
247,B,96,,4
247,B,97,,6
247,B,98,,4
247,B,99,,5
247,B,100,,9
247,B,101,,4
247,B,102,,5
247,B,103,,11
247,B,104,,6
247,B,105,,6
247,B,106,,5
247,B,107,,4
247,B,108,,10
247,B,109,,9
247,B,110,,3
247,B,111,,4
247,B,112,,4
247,B,113,,13
247,B,114,,10
247,B,115,,3
247,B,116,,2
247,B,120,,8
247,B,121,,7
247,B,122,,4
247,B,123,,11
247,B,124,,3
247,B,125,,4
247,B,126,,3
247,B,127,,3
247,B,128,,4
254,A,1,,0
254,A,4,,0
254,A,6,,0
254,A,7,,1
254,A,8,,0
254,A,9,,1
254,A,10,,3
254,A,11,,1
254,A,12,,4
254,A,13,,0
254,A,14,,2
254,A,15,,3
254,A,16,,1
254,A,17,,2
254,A,18,,2
254,A,19,,2
254,A,21,,4
254,A,23,,1
254,A,24,,2
254,A,25,,7
254,A,26,,2
254,A,27,,2
254,A,28,,4
254,A,29,,1
254,A,30,,1
254,A,32,,3
254,A,33,,0
254,A,36,,1
254,A,37,,1
254,A,38,,0
254,A,41,,1
254,A,44,,2
254,A,47,,1
254,A,49,,1
254,A,50,,3
254,A,51,,1
254,A,52,,1
254,A,53,,0
254,A,55,,3
254,A,56,,0
254,A,58,,1
254,A,59,,1
254,A,60,,2
254,A,61,,3
254,A,62,,2
254,A,63,,2
254,A,65,,2
254,A,66,,2
254,A,67,,1
254,A,68,,0
254,A,69,,1
254,A,70,,2
254,A,71,,0
254,A,72,,2
254,A,74,,1
254,A,75,,2
254,A,76,,6
254,A,79,,0
254,A,81,,2
254,A,82,,0
254,A,83,,3
254,A,84,,0
254,A,85,,0
254,A,86,,0
254,A,87,,1
254,A,91,,0
254,A,92,,0
254,A,93,,1
254,A,94,,0
254,A,96,,2
254,A,97,,1
254,A,98,,2
254,A,99,,0
254,A,100,,0
254,A,102,,1
254,A,103,,2
254,A,104,,3
254,A,105,,2
254,A,106,,3
254,A,107,,3
254,A,108,,4
254,A,109,,2
254,A,110,,3
254,A,111,,2
254,A,112,,3
254,A,113,,1
254,A,114,,2
254,A,115,,0
254,A,116,,0
254,A,117,,1
254,A,118,,1
254,A,119,,2
254,A,120,,3
254,A,121,,2
254,A,122,,3
254,A,123,,3
254,A,124,,0
254,A,125,,0
254,A,126,,2
254,A,127,,1
254,A,128,,3
254,A,132,,2
254,A,133,,0
254,A,134,,1
254,A,135,,2
254,A,136,,0
254,B,1,,2
254,B,2,,1
254,B,4,,1
254,B,5,,2
254,B,6,,4
254,B,7,,1
254,B,8,,2
254,B,9,,2
254,B,11,,3
254,B,12,,5
254,B,13,,14
254,B,14,,2
254,B,15,,4
254,B,16,,2
254,B,17,,1
254,B,18,,2
254,B,19,,2
254,B,20,,2
254,B,21,,4
254,B,22,,1
254,B,23,,2
254,B,25,,6
254,B,26,,2
254,B,27,,2
254,B,28,,4
254,B,29,,3
254,B,30,,1
254,B,31,,4
254,B,32,,3
254,B,33,,2
254,B,34,,5
254,B,35,,2
254,B,38,,2
254,B,39,,0
254,B,40,,1
254,B,41,,1
254,B,42,,2
254,B,43,,2
254,B,44,,3
254,B,45,,2
254,B,46,,1
254,B,48,,2
254,B,49,,1
254,B,51,,2
254,B,52,,13
254,B,53,,2
254,B,54,,2
254,B,55,,3
254,B,56,,2
254,B,57,,1
254,B,59,,1
254,B,60,,3
254,B,62,,2
254,B,64,,9
254,B,65,,3
254,B,66,,2
254,B,67,,5
254,B,68,,2
254,B,69,,2
254,B,71,,3
254,B,72,,3
254,B,73,,8
254,B,74,,1
254,B,76,,1
254,B,77,,1
254,B,78,,1
254,B,79,,2
254,B,80,,1
254,B,82,,6
254,B,83,,3
254,B,84,,0
254,B,85,,2
254,B,86,,2
254,B,87,,1
254,B,91,,4
254,B,92,,0
254,B,93,,1
254,B,94,,2
254,B,95,,1
254,B,96,,2
254,B,97,,2
254,B,98,,3
254,B,99,,0
254,B,100,,16
254,B,101,,1
254,B,115,,2
254,B,116,,2
254,B,117,,1
254,B,118,,1
254,B,124,,2
254,B,125,,2
254,B,128,,2
254,B,129,,4
254,B,130,,2
254,B,131,,2
254,B,132,,2
254,B,133,,2
254,B,134,,2
254,B,135,,3
28,A,1,,0
28,A,2,,2
28,A,3,,1
28,A,4,,2
28,A,5,,0
28,A,8,,0
28,B,1,,5
28,B,2,,2
28,B,3,,1
28,B,4,,1
28,B,6,,2
28,B,7,,1
38,A,1,,0
38,A,2,,2
38,A,3,,7
38,A,4,,6
38,A,5,,5
38,A,6,,5
38,A,7,,1
38,A,8,,3
38,A,9,,2
38,A,10,,0
38,A,11,,5
38,A,12,,0
38,A,21,,0
38,A,22,,2
38,A,23,,2
38,A,24,,0
38,A,25,,0
38,A,26,,3
38,A,27,,0
38,A,30,,0
38,A,32,,0
38,A,33,,0
38,A,41,,0
38,A,42,,0
38,A,43,,3
38,A,45,,0
38,B,1,,4
38,B,2,,11
38,B,3,,7
38,B,4,,6
38,B,5,,5
38,B,6,,5
38,B,7,,0
38,B,8,,4
38,B,9,,2
38,B,10,,0
38,B,11,,5
38,B,12,,9
38,B,21,,2
38,B,22,,5
38,B,23,,5
38,B,24,,6
38,B,25,,6
38,B,26,,10
38,B,27,,3
38,B,28,,5
38,B,29,,4
38,B,30,,6
38,B,31,,10
38,B,32,,8
38,B,33,,4
38,B,41,,9
38,B,42,,2
38,B,43,,2
38,B,44,,1
38,B,45,,8
12,A,1,,4
12,A,2,,9
12,B,1,,2
12,B,2,,2
251,A,1,,1
251,B,2,,1
26,A,2,,1
26,A,3,,1
26,A,4,,1
26,A,5,,1
26,A,8,,2
26,A,9,,2
26,A,10,,1
26,A,11,,1
26,A,15,,1
26,A,16,,2
26,A,18,,2
26,A,20,,2
26,A,21,,2
26,A,22,,1
26,A,23,,3
26,A,24,,2
26,A,25,,2
26,A,26,,4
26,A,27,,3
26,A,28,,4
26,A,31,,1
26,A,32,,4
26,A,33,,2
26,A,34,,2
26,A,36,,1
26,A,37,,1
26,A,39,,3
26,A,41,,3
26,A,42,,0
26,A,100,,1
26,A,101,,3
26,A,102,,1
26,A,103,,2
26,A,104,,1
26,B,1,,8
26,B,2,,10
26,B,3,,3
26,B,4,,5
26,B,5,,3
26,B,6,,4
26,B,7,,1
26,B,8,,2
26,B,9,,6
26,B,10,,2
26,B,11,,1
26,B,12,,2
26,B,13,,1
26,B,14,,1
26,B,15,,1
26,B,16,,3
26,B,17,,3
26,B,18,,2
26,B,20,,2
26,B,21,,2
26,B,22,,9
26,B,23,,3
26,B,24,,8
26,B,25,,2
26,B,26,,4
26,B,27,,5
26,B,28,,6
26,B,29,,3
26,B,30,,2
26,B,31,,1
26,B,32,,2
26,B,33,,2
26,B,34,,4
26,B,35,,1
26,B,36,,4
26,B,37,,4
26,B,38,,3
26,B,39,,3
26,B,40,,6
26,B,41,,3
26,B,42,,0
26,B,100,,2
26,B,101,,6
26,B,102,,6
26,B,103,,4
26,B,104,,2
31,A,1,,0
31,A,2,,0
31,A,3,,1
31,A,4,,2
31,A,5,,3
31,A,6,,3
31,A,7,,3
31,A,8,,3
31,A,9,,0
31,A,10,,1
31,A,11,,0
31,A,12,,0
31,A,13,,2
31,A,14,,1
31,A,15,,3
31,A,16,,4
31,A,17,,3
31,A,18,,0
31,A,22,,2
31,A,23,,1
31,A,32,,2
31,A,34,,1
31,B,1,,15
31,B,2,,2
31,B,3,,1
31,B,4,,2
31,B,5,,2
31,B,6,,2
31,B,7,,2
31,B,8,,2
31,B,9,,4
31,B,10,,2
31,B,11,,0
31,B,12,,2
31,B,13,,2
31,B,14,,1
31,B,15,,0
31,B,16,,4
31,B,17,,3
31,B,18,,2
31,B,19,,1
31,B,20,,1
31,B,21,,2
31,B,23,,1
31,B,24,,0
31,B,25,,2
31,B,31,,5
31,B,32,,2
31,B,33,,1
31,B,34,,1
33,A,2,,0
33,A,4,,0
33,A,6,,6
33,A,7,,0
33,B,1,,6
33,B,2,,1
33,B,3,,3
33,B,4,,0
33,B,5,,3
33,B,6,,5
33,B,7,,0
255,A,1,,4
255,A,2,,5
255,A,3,,1
255,A,4,,1
255,A,5,,5
255,A,9,,1
255,B,1,,1
255,B,2,,3
255,B,3,,2
255,B,4,,3
255,B,5,,1
255,B,9,,2
249,A,1,,0
249,A,2,,3
249,A,3,,4
249,A,21,,2
249,A,34,,2
249,A,61,,0
249,A,62,,3
249,A,63,,4
249,A,64,,2
249,A,103,,0
249,A,104,,3
249,A,105,,4
249,A,106,,2
249,A,107,,2
249,B,1,,2
249,B,4,,5
249,B,5,,11
249,B,6,,3
249,B,7,,6
249,B,8,,3
249,B,9,,6
249,B,10,,5
249,B,11,,3
249,B,12,,5
249,B,13,,3
249,B,14,,4
249,B,15,,7
249,B,16,,3
249,B,17,,3
249,B,18,,3
249,B,19,,4
249,B,20,,6
249,B,21,,6
249,B,22,,11
249,B,23,,4
249,B,24,,8
249,B,25,,4
249,B,26,,12
249,B,27,,10
249,B,28,,4
249,B,29,,6
249,B,30,,4
249,B,31,,5
249,B,32,,5
249,B,33,,3
249,B,35,,5
249,B,36,,16
249,B,37,,5
249,B,38,,5
249,B,39,,5
249,B,40,,2
249,B,41,,2
249,B,42,,4
249,B,43,,5
249,B,44,,4
249,B,45,,5
249,B,46,,4
249,B,47,,4
249,B,48,,4
249,B,49,,3
249,B,50,,4
249,B,51,,4
249,B,52,,14
249,B,53,,4
249,B,54,,5
249,B,55,,2
249,B,56,,8
249,B,57,,4
249,B,58,,5
249,B,59,,3
249,B,60,,5
249,B,61,,2
249,B,65,,5
249,B,66,,4
249,B,67,,3
249,B,68,,4
249,B,69,,11
249,B,70,,3
249,B,71,,6
249,B,72,,3
249,B,73,,3
249,B,74,,8
249,B,75,,3
249,B,76,,7
249,B,77,,5
249,B,78,,11
249,B,79,,6
249,B,80,,4
249,B,81,,3
249,B,82,,4
249,B,83,,5
249,B,84,,11
249,B,85,,3
249,B,86,,6
249,B,87,,3
249,B,88,,3
249,B,89,,3
249,B,90,,3
249,B,91,,4
249,B,92,,4
249,B,93,,3
249,B,94,,3
249,B,95,,18
249,B,96,,5
249,B,97,,16
249,B,98,,2
249,B,99,,4
249,B,100,,5
249,B,101,,4
249,B,102,,4
249,B,103,,2
249,B,107,,2
249,B,108,,4
249,B,109,,5
249,B,110,,4
249,B,111,,3
249,B,112,,3
249,B,113,,3
249,B,114,,3
249,B,115,,7
249,B,116,,5
249,B,117,,4
249,B,118,,13
249,B,119,,3
249,B,120,,4
249,B,121,,6
249,B,122,,4
249,B,123,,3
249,B,124,,3
249,B,125,,4
249,B,126,,3
249,B,127,,8
249,B,128,,5
249,B,129,,4
249,B,130,,5
249,B,131,,14
249,B,132,,3
249,B,133,,3
249,B,134,,4
249,B,135,,4
249,B,136,,7
249,B,137,,6
249,B,138,,3
249,B,139,,3
249,B,140,,3
249,B,141,,8
249,B,142,,4
249,B,143,,7
249,B,144,,3
249,B,145,,3
249,B,146,,5
249,B,147,,3
249,B,148,,4
249,B,149,,3
249,B,150,,6
249,B,151,,5
249,B,152,,5
249,B,153,,4
249,B,154,,4
249,B,155,,4
249,B,156,,4
249,B,157,,4
249,B,158,,3
249,B,159,,5
249,B,160,,4
249,B,161,,3
249,B,162,,5
249,B,163,,4
249,B,164,,4
249,B,165,,3
249,B,168,,4
249,B,169,,3
249,B,170,,3
249,B,171,,4
249,B,172,,4
249,B,173,,5
249,B,174,,5
249,B,175,,11
249,B,176,,3
249,B,177,,6
249,B,178,,3
249,B,179,,4
249,B,180,,3
249,B,181,,5
249,B,182,,5
249,B,183,,4
249,B,184,,4
249,B,185,,10
249,B,186,,4
249,B,187,,6
249,B,188,,3
249,B,189,,3
249,B,190,,3
249,B,191,,7
249,B,192,,4
249,B,193,,5
249,B,194,,4
249,B,195,,5
249,B,196,,3
249,B,197,,11
249,B,198,,3
249,B,199,,2
249,B,200,,5
249,B,201,,5
249,B,202,,2
249,B,203,,4
249,B,204,,3
249,B,205,,4
249,B,207,,17
249,B,208,,6
249,B,209,,4
249,B,210,,8
249,B,211,,4
249,B,212,,5
249,B,213,,6
249,B,214,,5
249,B,216,,6
249,B,217,,4
249,B,218,,4
249,B,219,,4
249,B,220,,8
249,B,221,,5
249,B,222,,4
249,B,223,,4
249,B,224,,5
249,B,225,,3
249,B,226,,4
249,B,230,,2
249,B,231,,10
249,B,232,,5
249,B,233,,3
249,B,234,,2
249,B,235,,4
249,B,236,,14
249,B,237,,3
249,B,238,,5
249,B,239,,3
249,B,240,,4
249,B,241,,5
249,B,242,,6
249,B,243,,7
249,B,245,,7
249,B,246,,4
249,B,247,,3
249,B,248,,4
249,B,249,,6
249,B,250,,3
249,B,251,,4
249,B,252,,3
249,B,253,,4
249,B,254,,5
25,A,1,,0
25,A,2,,1
25,A,3,,1
25,A,4,,2
25,A,7,,2
25,A,8,,2
25,A,12,,3
25,A,13,,2
25,A,14,,2
25,A,16,,1
25,A,17,,1
25,A,19,,1
25,A,20,,0
25,A,21,,1
25,A,22,,0
25,A,23,,0
25,A,24,,1
25,A,25,,1
25,A,31,,0
25,A,32,,0
25,A,42,,2
25,A,43,,2
25,A,44,,1
25,A,51,,1
25,B,1,,9
25,B,2,,1
25,B,3,,1
25,B,4,,2
25,B,5,,1
25,B,6,,5
25,B,7,,2
25,B,8,,2
25,B,9,,1
25,B,10,,3
25,B,11,,2
25,B,12,,3
25,B,13,,2
25,B,14,,2
25,B,15,,11
25,B,16,,4
25,B,17,,2
25,B,18,,2
25,B,19,,2
25,B,20,,1
25,B,21,,4
25,B,22,,2
25,B,23,,2
25,B,24,,4
25,B,25,,1
25,B,30,,4
25,B,31,,1
25,B,32,,1
25,B,40,,11
25,B,41,,1
25,B,42,,2
25,B,43,,2
25,B,44,,3
25,B,45,,1
25,B,51,,2
8,A,1,,2
8,A,2,,0
8,A,4,,0
8,A,5,,0
8,A,6,,3
8,A,7,,1
8,A,9,,2
8,A,10,,1
8,A,12,,1
8,A,13,,4
8,A,14,,0
8,A,15,,1
8,A,16,,1
8,B,1,,2
8,B,2,,1
8,B,3,,1
8,B,4,,11
8,B,5,,5
8,B,6,,3
8,B,7,,1
8,B,8,,3
8,B,9,,2
8,B,10,,3
8,B,11,,1
8,B,12,,1
8,B,13,,7
8,B,14,,2
8,B,15,,3
8,B,16,,1
18,A,1,,0
18,A,4,,3
18,A,5,,1
18,A,6,,2
18,A,7,,5
18,A,8,,5
18,A,9,,2
18,A,10,,2
18,A,11,,3
18,A,12,,3
18,B,1,,2
18,B,3,,1
18,B,4,,2
18,B,5,,3
18,B,6,,3
18,B,7,,8
18,B,8,,7
18,B,9,,4
18,B,12,,3
19,A,1,,0
19,A,2,,2
19,A,3,,1
19,A,4,,2
19,A,5,,6
19,A,6,,2
19,A,14,,1
19,A,15,,2
19,A,100,,0
19,A,101,,2
19,A,102,,1
19,A,104,,0
19,A,105,,2
19,A,106,,2
19,A,107,,2
19,A,108,,4
19,B,1,,2
19,B,2,,3
19,B,3,,1
19,B,4,,2
19,B,5,,2
19,B,6,,3
19,B,8,,1
19,B,9,,1
19,B,10,,2
19,B,11,,2
19,B,12,,2
19,B,13,,2
19,B,14,,1
19,B,15,,2
19,B,100,,2
19,B,101,,4
19,B,102,,1
19,B,103,,2
19,B,104,,2
19,B,105,,4
19,B,106,,2
19,B,107,,2
19,B,108,,1
252,A,1,,3
252,A,2,,5
252,A,7,,1
252,A,9,,1
252,A,11,,0
252,A,13,,2
252,A,14,,2
252,A,15,,1
252,A,19,,2
252,A,20,,1
252,B,1,,4
252,B,2,,4
252,B,3,,10
252,B,4,,9
252,B,5,,2
252,B,6,,4
252,B,7,,2
252,B,8,,2
252,B,9,,1
252,B,11,,6
252,B,12,,1
252,B,13,,1
252,B,14,,2
252,B,15,,1
252,B,16,,2
252,B,17,,3
252,B,18,,2
252,B,19,,2
252,B,20,,1
14,A,1,,0
14,A,2,,0
14,A,4,,1
14,A,6,,2
14,A,9,,1
14,A,10,,0
14,A,11,,0
14,A,14,,2
14,A,16,,2
14,A,17,,0
14,A,18,,1
14,A,19,,1
14,A,21,,2
14,A,24,,2
14,A,30,,0
14,A,31,,1
14,B,1,,3
14,B,2,,3
14,B,3,,1
14,B,4,,2
14,B,5,,2
14,B,6,,2
14,B,7,,2
14,B,8,,1
14,B,10,,0
14,B,11,,1
14,B,12,,2
14,B,13,,2
14,B,14,,1
14,B,15,,5
14,B,16,,2
14,B,17,,2
14,B,18,,3
14,B,19,,3
14,B,20,,2
14,B,21,,2
14,B,22,,2
14,B,23,,2
14,B,24,,2
14,B,25,,2
14,B,30,,2
14,B,31,,2
14,B,32,,1
14,B,41,,1
24,A,1,,1
24,A,2,,1
24,A,3,,2
24,A,4,,2
24,A,5,,1
24,A,6,,2
24,A,7,,1
24,A,8,,2
24,A,21,,0
24,A,22,,1
24,A,24,,2
24,B,1,,3
24,B,3,,2
24,B,21,,4
24,B,22,,2
24,B,23,,1
24,B,24,,2
16,A,1,,0
16,A,2,,3
16,A,3,,5
16,A,4,,5
16,A,5,,5
16,A,6,,4
16,A,7,,1
16,A,8,,4
16,A,11,,2
16,A,12,,3
16,A,21,,2
16,A,32,,2
16,A,33,,1
16,A,41,,0
16,A,42,,0
16,A,43,,1
16,A,44,,0
16,B,1,,8
16,B,2,,1
16,B,3,,3
16,B,4,,2
16,B,5,,2
16,B,6,,4
16,B,7,,2
16,B,8,,2
16,B,11,,2
16,B,12,,3
16,B,21,,2
16,B,31,,2
16,B,32,,1
16,B,33,,2
16,B,41,,7
16,B,42,,2
16,B,43,,2
16,B,44,,1
248,A,1,,0
248,A,11,,0
248,A,12,,1
248,A,13,,0
248,A,14,,1
248,A,15,,2
248,A,16,,1
248,A,21,,0
248,A,22,,0
248,A,24,,2
248,A,31,,0
248,A,32,,1
248,A,33,,0
248,A,34,,1
248,A,41,,0
248,A,42,,4
248,A,43,,4
248,A,44,,2
248,A,45,,1
248,A,51,,0
248,A,52,,1
248,A,53,,4
248,A,54,,1
248,A,55,,0
248,A,57,,5
248,A,58,,0
248,A,59,,1
248,A,61,,2
248,A,62,,0
248,A,63,,0
248,A,71,,0
248,A,72,,1
248,A,73,,1
248,A,75,,0
248,A,76,,0
248,A,81,,0
248,A,82,,1
248,A,83,,0
248,A,84,,1
248,A,91,,0
248,A,92,,0
248,A,93,,0
248,A,94,,0
248,A,95,,2
248,A,96,,2
248,A,97,,1
248,A,98,,1
248,A,99,,0
248,A,100,,0
248,A,101,,3
248,A,102,,1
248,A,103,,0
248,A,104,,2
248,A,105,,1
248,A,106,,0
248,A,107,,0
248,A,108,,1
248,B,1,,3
248,B,11,,17
248,B,12,,1
248,B,13,,2
248,B,14,,2
248,B,15,,3
248,B,16,,2
248,B,17,,4
248,B,18,,2
248,B,19,,1
248,B,20,,1
248,B,21,,2
248,B,22,,2
248,B,23,,1
248,B,24,,4
248,B,31,,6
248,B,32,,4
248,B,34,,1
248,B,41,,2
248,B,42,,2
248,B,43,,3
248,B,44,,2
248,B,45,,2
248,B,51,,15
248,B,52,,1
248,B,53,,4
248,B,54,,3
248,B,55,,14
248,B,56,,2
248,B,57,,7
248,B,58,,3
248,B,59,,1
248,B,60,,2
248,B,61,,1
248,B,63,,0
248,B,71,,2
248,B,72,,1
248,B,73,,1
248,B,75,,1
248,B,76,,2
248,B,81,,1
248,B,83,,3
248,B,84,,1
248,B,91,,5
248,B,92,,14
248,B,93,,4
248,B,94,,2
248,B,95,,2
248,B,96,,2
248,B,97,,0
248,B,98,,2
248,B,99,,3
248,B,100,,14
248,B,101,,2
248,B,102,,1
248,B,103,,7
248,B,104,,2
248,B,105,,4
248,B,106,,4
248,B,108,,1
20,A,1,,0
20,A,2,,0
20,A,11,,2
20,A,12,,1
20,A,13,,1
20,A,14,,0
20,A,15,,0
20,A,16,,0
20,A,21,,2
20,A,22,,0
20,A,23,,4
20,A,24,,0
20,A,25,,1
20,A,26,,2
20,A,27,,1
20,A,28,,2
20,A,29,,2
20,A,31,,1
20,A,32,,1
20,A,33,,1
20,A,34,,1
20,A,35,,0
20,A,36,,2
20,A,37,,2
20,A,39,,0
20,A,41,,0
20,A,42,,1
20,A,43,,1
20,A,44,,1
20,A,46,,0
20,A,47,,0
20,A,51,,0
20,A,52,,6
20,A,53,,2
20,A,54,,4
20,A,55,,3
20,A,56,,5
20,A,57,,2
20,A,58,,6
20,A,59,,6
20,A,62,,3
20,A,63,,3
20,A,64,,0
20,A,65,,1
20,A,66,,0
20,A,67,,1
20,A,81,,0
20,A,82,,0
20,A,91,,0
20,A,92,,3
20,A,93,,1
20,A,95,,2
20,A,97,,0
20,A,98,,5
20,A,100,,0
20,A,101,,3
20,A,102,,2
20,A,103,,0
20,A,105,,0
20,A,106,,5
20,A,107,,0
20,A,108,,3
20,A,111,,0
20,A,112,,0
20,A,113,,2
20,A,114,,2
20,A,116,,2
20,A,118,,5
20,A,120,,0
20,A,121,,2
20,A,122,,0
20,A,124,,0
20,A,125,,1
20,A,126,,1
20,A,127,,0
20,A,129,,0
20,A,130,,3
20,A,132,,2
20,A,133,,2
20,A,134,,0
20,A,135,,3
20,A,136,,0
20,A,137,,2
20,A,139,,2
20,A,140,,2
20,A,141,,3
20,A,142,,0
20,A,143,,0
20,A,144,,2
20,A,145,,1
20,A,147,,2
20,A,148,,0
20,A,151,,0
20,A,152,,0
20,A,153,,3
20,A,154,,0
20,A,155,,0
20,A,156,,2
20,A,157,,0
20,A,158,,3
20,A,159,,0
20,A,160,,1
20,A,164,,0
20,A,165,,0
20,A,166,,2
20,A,167,,0
20,A,171,,0
20,A,174,,2
20,A,181,,0
20,A,182,,0
20,A,183,,2
20,A,184,,1
20,A,187,,0
20,A,188,,0
20,A,189,,1
20,A,190,,1
20,A,191,,3
20,A,192,,1
20,A,193,,1
20,A,194,,2
20,A,195,,0
20,A,196,,2
20,A,197,,0
20,A,198,,3
20,A,200,,2
20,A,201,,2
20,A,202,,0
20,A,203,,0
20,A,204,,0
20,A,205,,0
20,A,207,,0
20,A,210,,0
20,A,211,,1
20,A,213,,0
20,A,214,,0
20,A,215,,0
20,A,218,,1
20,A,219,,1
20,A,220,,1
20,A,222,,0
20,A,223,,0
20,A,224,,3
20,A,225,,0
20,A,226,,3
20,A,227,,1
20,A,228,,4
20,A,229,,3
20,A,230,,1
20,A,231,,1
20,A,232,,3
20,A,233,,1
20,A,236,,1
20,A,237,,0
20,A,238,,1
20,A,239,,2
20,A,240,,1
20,A,243,,2
20,A,244,,2
20,A,245,,1
20,A,246,,1
20,A,247,,1
20,A,248,,1
20,A,249,,2
20,A,251,,2
20,A,252,,3
20,A,253,,0
20,A,254,,1
20,B,1,,9
20,B,2,,2
20,B,3,,1
20,B,4,,0
20,B,7,,1
20,B,8,,2
20,B,9,,0
20,B,11,,5
20,B,12,,1
20,B,13,,3
20,B,14,,2
20,B,15,,2
20,B,16,,2
20,B,21,,3
20,B,22,,1
20,B,23,,2
20,B,24,,1
20,B,25,,2
20,B,26,,3
20,B,27,,2
20,B,28,,3
20,B,29,,4
20,B,31,,2
20,B,32,,2
20,B,33,,2
20,B,34,,2
20,B,35,,2
20,B,36,,2
20,B,37,,5
20,B,38,,1
20,B,39,,2
20,B,41,,4
20,B,42,,1
20,B,43,,2
20,B,44,,2
20,B,45,,1
20,B,46,,2
20,B,47,,0
20,B,51,,1
20,B,52,,3
20,B,53,,2
20,B,54,,6
20,B,55,,5
20,B,56,,6
20,B,57,,3
20,B,58,,3
20,B,59,,7
20,B,60,,3
20,B,61,,2
20,B,62,,4
20,B,63,,4
20,B,64,,8
20,B,65,,3
20,B,66,,3
20,B,67,,2
20,B,68,,1
20,B,81,,3
20,B,91,,6
20,B,92,,4
20,B,93,,3
20,B,94,,1
20,B,95,,3
20,B,96,,2
20,B,97,,2
20,B,98,,1
20,B,99,,2
20,B,100,,12
20,B,101,,3
20,B,102,,4
20,B,103,,2
20,B,104,,4
20,B,105,,15
20,B,106,,3
20,B,107,,1
20,B,108,,5
20,B,109,,1
20,B,110,,3
20,B,111,,3
20,B,112,,2
20,B,113,,2
20,B,114,,2
20,B,115,,3
20,B,116,,2
20,B,117,,1
20,B,118,,8
20,B,119,,1
20,B,120,,4
20,B,121,,5
20,B,122,,2
20,B,123,,2
20,B,124,,4
20,B,125,,3
20,B,126,,2
20,B,127,,2
20,B,128,,2
20,B,129,,2
20,B,130,,3
20,B,131,,0
20,B,132,,6
20,B,133,,2
20,B,135,,4
20,B,136,,4
20,B,137,,1
20,B,138,,1
20,B,139,,2
20,B,140,,2
20,B,141,,3
20,B,142,,2
20,B,143,,4
20,B,144,,3
20,B,145,,1
20,B,146,,0
20,B,147,,2
20,B,148,,2
20,B,151,,9
20,B,152,,6
20,B,153,,3
20,B,154,,3
20,B,155,,2
20,B,156,,2
20,B,157,,10
20,B,158,,5
20,B,159,,2
20,B,160,,1
20,B,161,,7
20,B,162,,8
20,B,164,,2
20,B,165,,4
20,B,166,,2
20,B,167,,2
20,B,171,,2
20,B,172,,1
20,B,173,,4
20,B,174,,3
20,B,181,,7
20,B,182,,15
20,B,183,,2
20,B,184,,1
20,B,185,,8
20,B,186,,2
20,B,187,,2
20,B,188,,2
20,B,189,,8
20,B,190,,2
20,B,191,,4
20,B,192,,4
20,B,193,,3
20,B,194,,3
20,B,195,,2
20,B,196,,2
20,B,197,,3
20,B,198,,3
20,B,200,,3
20,B,201,,2
20,B,202,,2
20,B,203,,4
20,B,204,,2
20,B,205,,2
20,B,206,,1
20,B,207,,7
20,B,210,,4
20,B,211,,1
20,B,212,,2
20,B,213,,7
20,B,215,,0
20,B,218,,2
20,B,219,,1
20,B,220,,2
20,B,221,,2
20,B,222,,2
20,B,223,,2
20,B,224,,3
20,B,225,,2
20,B,226,,3
20,B,227,,6
20,B,228,,5
20,B,229,,4
20,B,230,,2
20,B,231,,6
20,B,232,,6
20,B,233,,4
20,B,235,,2
20,B,236,,2
20,B,237,,2
20,B,238,,2
20,B,239,,2
20,B,240,,3
20,B,241,,1
20,B,242,,1
20,B,243,,3
20,B,244,,3
20,B,245,,14
20,B,246,,1
20,B,247,,2
20,B,248,,1
20,B,249,,2
20,B,251,,2
20,B,252,,3
20,B,253,,2
20,B,254,,2
20,B,255,,0
30,A,1,,0
30,A,2,,2
30,A,3,,1
30,A,4,,1
30,A,5,,0
30,A,7,,1
30,A,12,,0
30,B,1,,6
30,B,2,,2
30,B,3,,2
30,B,5,,2
30,B,6,,2
30,B,7,,2
30,B,11,,2
30,B,12,,0
22,A,1,,0
22,A,2,,3
22,A,3,,1
22,A,8,,2
22,A,10,,0
22,B,1,,5
22,B,2,,5
22,B,3,,1
22,B,4,,2
22,B,5,,1
22,B,6,,2
22,B,7,,2
22,B,8,,2
22,B,9,,2
22,B,10,,2
22,B,11,,2
32,A,1,,0
32,A,2,,1
32,A,3,,1
32,A,4,,0
32,A,5,,1
32,A,6,,0
32,A,7,,1
32,A,21,,1
32,A,22,,0
32,A,23,,1
32,A,24,,0
32,B,1,,1
32,B,2,,2
32,B,3,,2
32,B,4,,8
32,B,5,,2
32,B,6,,2
32,B,7,,2
32,B,21,,2
32,B,22,,4
32,B,23,,1
32,B,24,,2
